,modulId,modul,section
0,1,Sentence With One Clause,structure
1,2,Single-Clause Sentences 2,structure
2,3,Multiple-Clause Sentences,structure
3,4,Multiple-Clause Sentences: Noun Clauses,structure
4,5,Multiple-Clause Sentences: Adjective Clause,structure
5,6,Reduced Clauses,structure
6,7,Inverted Subjects and Verbs,structure
7,8,Inverted Subjects and Verbs 2,structure
8,9,Subject-Verb Agreement,structure
9,10,Subject-Verb Agreement,structure
10,11,Parallel Structure,structure
11,12,Comparatives and Superlatives,structure
12,13,Verbs Forms,structure
13,14,Verb Uses 1,structure
14,15,Verb Uses 2,structure
15,16,Passive Verbs,structure
16,17,Nouns,structure
17,18,Pronouns,structure
18,19,Adjectives and Adverbs,structure
19,20,Adjectives,structure
20,21,Articles,structure
21,22,Prepositions,structure
22,23,Usage,structure
23,24,Ideas in a Passage,reading
24,25,Directly Answered Questions,reading
25,26,Indirectly Answered Questions,reading
26,27,Vocabulary 1,reading
27,28,Vocabulary 2,reading
28,29,Review All Questions,reading
